"aaaaaaaa","AAAAAAAA"
"bbbbbbbb","BBBBBBBB"
"cccccccc","CCCCCCCC"
"dddddddd","DDDDDDDD"
"eeeeeeee","EEEEEEEE"
"ffffffff","FFFFFFFF"
"gggggggg","GGGGGGGG"
"hhhhhhhh","HHHHHHHH"
"iiiiiiii","IIIIIIII"
"jjjjjjjj","JJJJJJJJ"
"kkkkkkkk","KKKKKKKK"
"llllllll","LLLLLLLL"
"mmmmmmmm","MMMMMMMM"
"nnnnnnnn","NNNNNNNN"
"oooooooo","OOOOOOOO"
"pppppppp","PPPPPPPP"
"qqqqqqqq","QQQQQQQQ"
"rrrrrrrr","RRRRRRRR"
"ssssssss","SSSSSSSS"
"tttttttt","TTTTTTTT"
"uuuuuuuu","UUUUUUUU"
"vvvvvvvv","VVVVVVVV"
"wwwwwwww","WWWWWWWW"
"xxxxxxxx","XXXXXXXX"
"yyyyyyyy","YYYYYYYY"
"zzzzzzzz","ZZZZZZZZ"
